/*
 * This file creates a simplified version of the data warehouse
 * view of the G2R database and loads it with enough data to 
 * test the G2R modules.
  *
 * Admin:
 * sqlplus admin/7mcOI3Iexrt22sbM63hT@//database-1.cu0ljyrszrui.eu-central-1.rds.amazonaws.com/TESTDB 
 */

-- CREATE TABLESPACE IHAIDWH1 ONLINE;

-- CREATE USER IHAIDWH1
-- IDENTIFIED BY PrecisionPolyCement
-- DEFAULT TABLESPACE IHAIDWH1;

-- grant create session to IHAIDWH1;
-- grant create table to IHAIDWH1;
-- grant create view to IHAIDWH1;
-- grant create any trigger to IHAIDWH1;
-- grant create any procedure to IHAIDWH1;
-- grant create sequence to IHAIDWH1;
-- grant create synonym to IHAIDWH1;

 
DROP TABLE IHAIDWH1.V_G2R_F_USUA;
DROP TABLE IHAIDWH1.V_G2R_F_GRP_TECN_INTE;
DROP TABLE IHAIDWH1.V_G2R_F_GRP_TECN_RESP;
DROP TABLE IHAIDWH1.V_G2R_F_GRP_TECN;


CREATE TABLE IHAIDWH1.V_G2R_F_USUA (
   ID_USUARIO NUMBER(11) NOT NULL,
   ID_ORGANIZACION NUMBER(11) NOT NULL,
   MATRICULA VARCHAR2(45),
   MATRICULA_DACFI VARCHAR2(45),
   NOMBRE VARCHAR2(100) NOT NULL,
   DELETED INT NOT NULL,
   CONSTRAINT V_G2R_F_USUA_PK PRIMARY KEY (ID_USUARIO)
 );

CREATE TABLE IHAIDWH1.V_G2R_F_GRP_TECN_INTE (
   ID_USUARIO NUMBER(11) NOT NULL,
   ID_GRUPO NUMBER(11) NOT NULL,
   CONSTRAINT V_G2R_F_GRP_TECN_INTE_PK PRIMARY KEY (ID_USUARIO, ID_GRUPO)
);
 
CREATE TABLE IHAIDWH1.V_G2R_F_GRP_TECN_RESP (
   ID_USUARIO NUMBER(11) NOT NULL,
   ID_GRUPO NUMBER(11) NOT NULL,
   CONSTRAINT V_G2R_F_GRP_TECN_RESP_PK PRIMARY KEY (ID_USUARIO, ID_GRUPO)
);

CREATE TABLE IHAIDWH1.V_G2R_F_GRP_TECN (
   ID_GRUPO NUMBER(11) NOT NULL,
   ID_TIPO_GRUPO NUMBER(11) NOT NULL,
   DELETED INT NOT NULL,
   NOMBRE VARCHAR2(64),
   CONSTRAINT V_G2R_F_GRP_TECN_PK PRIMARY KEY (ID_GRUPO, ID_TIPO_GRUPO)
);

INSERT INTO IHAIDWH1.V_G2R_F_USUA (ID_USUARIO, ID_ORGANIZACION, MATRICULA, MATRICULA_DACFI, NOMBRE,DELETED) VALUES (100,10,'U2D123214','UA3242342','Angel Lopez',0);
INSERT INTO IHAIDWH1.V_G2R_F_USUA (ID_USUARIO, ID_ORGANIZACION, MATRICULA, MATRICULA_DACFI, NOMBRE,DELETED) VALUES (101,10,'U2D123215','UA3242343','Alvaro Amores',0);
INSERT INTO IHAIDWH1.V_G2R_F_USUA (ID_USUARIO, ID_ORGANIZACION, MATRICULA, MATRICULA_DACFI, NOMBRE,DELETED) VALUES (102,10,'U2D123216','UA3242344','Alvaro Arnau',0);
INSERT INTO IHAIDWH1.V_G2R_F_USUA (ID_USUARIO, ID_ORGANIZACION, MATRICULA, MATRICULA_DACFI, NOMBRE,DELETED) VALUES (103,10,'U2D123217','UA3242345','Antonio Navarro',0);
INSERT INTO IHAIDWH1.V_G2R_F_USUA (ID_USUARIO, ID_ORGANIZACION, MATRICULA, MATRICULA_DACFI, NOMBRE,DELETED) VALUES (104,10,'U2D123218','UA3242346','Axel Ruiz',0);
INSERT INTO IHAIDWH1.V_G2R_F_USUA (ID_USUARIO, ID_ORGANIZACION, MATRICULA, MATRICULA_DACFI, NOMBRE,DELETED) VALUES (105,10,'U2D123219','UA3242347','Carles Valentines',0);
INSERT INTO IHAIDWH1.V_G2R_F_USUA (ID_USUARIO, ID_ORGANIZACION, MATRICULA, MATRICULA_DACFI, NOMBRE,DELETED) VALUES (106,10,'U2D123220','UA3242348','Eduardo Bonilla',0);
INSERT INTO IHAIDWH1.V_G2R_F_USUA (ID_USUARIO, ID_ORGANIZACION, MATRICULA, MATRICULA_DACFI, NOMBRE,DELETED) VALUES (107,20,'U2D123221','UA3242349','Emily Vazquez',0);
INSERT INTO IHAIDWH1.V_G2R_F_USUA (ID_USUARIO, ID_ORGANIZACION, MATRICULA, MATRICULA_DACFI, NOMBRE,DELETED) VALUES (108,20,'U2D123222','UA3242350','Ignacio Porta',0);
INSERT INTO IHAIDWH1.V_G2R_F_USUA (ID_USUARIO, ID_ORGANIZACION, MATRICULA, MATRICULA_DACFI, NOMBRE,DELETED) VALUES (109,20,'U2D123223','UA3242351','Israel Mora',0);
INSERT INTO IHAIDWH1.V_G2R_F_USUA (ID_USUARIO, ID_ORGANIZACION, MATRICULA, MATRICULA_DACFI, NOMBRE,DELETED) VALUES (110,20,NULL,'UA3242352','Josua Fernandez',0);
INSERT INTO IHAIDWH1.V_G2R_F_USUA (ID_USUARIO, ID_ORGANIZACION, MATRICULA, MATRICULA_DACFI, NOMBRE,DELETED) VALUES (111,20,'U2D123224',NULL,'Juan Luis Buensovinos',0);
INSERT INTO IHAIDWH1.V_G2R_F_USUA (ID_USUARIO, ID_ORGANIZACION, MATRICULA, MATRICULA_DACFI, NOMBRE,DELETED) VALUES (112,20,'U2D123225','UA3242353','Serana Chosone',1);
INSERT INTO IHAIDWH1.V_G2R_F_USUA (ID_USUARIO, ID_ORGANIZACION, MATRICULA, MATRICULA_DACFI, NOMBRE,DELETED) VALUES (113,20,'U2D123226','UA3242354','Sergio Marquez',0);
INSERT INTO IHAIDWH1.V_G2R_F_USUA (ID_USUARIO, ID_ORGANIZACION, MATRICULA, MATRICULA_DACFI, NOMBRE,DELETED) VALUES (114,30,'U2D123227','UA3242355','Toni Rodriguez',0);
INSERT INTO IHAIDWH1.V_G2R_F_USUA (ID_USUARIO, ID_ORGANIZACION, MATRICULA, MATRICULA_DACFI, NOMBRE,DELETED) VALUES (115,30,'U2D123228','UA3242356','Yasmin Alvarez',0);

INSERT INTO IHAIDWH1.V_G2R_F_GRP_TECN_INTE (ID_USUARIO, ID_GRUPO) VALUES (100,1);
INSERT INTO IHAIDWH1.V_G2R_F_GRP_TECN_INTE (ID_USUARIO, ID_GRUPO) VALUES (101,1);
INSERT INTO IHAIDWH1.V_G2R_F_GRP_TECN_INTE (ID_USUARIO, ID_GRUPO) VALUES (102,1);
INSERT INTO IHAIDWH1.V_G2R_F_GRP_TECN_INTE (ID_USUARIO, ID_GRUPO) VALUES (103,1);
INSERT INTO IHAIDWH1.V_G2R_F_GRP_TECN_INTE (ID_USUARIO, ID_GRUPO) VALUES (103,2);
INSERT INTO IHAIDWH1.V_G2R_F_GRP_TECN_INTE (ID_USUARIO, ID_GRUPO) VALUES (103,3);
INSERT INTO IHAIDWH1.V_G2R_F_GRP_TECN_INTE (ID_USUARIO, ID_GRUPO) VALUES (104,1);
INSERT INTO IHAIDWH1.V_G2R_F_GRP_TECN_INTE (ID_USUARIO, ID_GRUPO) VALUES (105,2);
INSERT INTO IHAIDWH1.V_G2R_F_GRP_TECN_INTE (ID_USUARIO, ID_GRUPO) VALUES (106,3);
INSERT INTO IHAIDWH1.V_G2R_F_GRP_TECN_INTE (ID_USUARIO, ID_GRUPO) VALUES (106,4);
INSERT INTO IHAIDWH1.V_G2R_F_GRP_TECN_INTE (ID_USUARIO, ID_GRUPO) VALUES (107,1);
INSERT INTO IHAIDWH1.V_G2R_F_GRP_TECN_INTE (ID_USUARIO, ID_GRUPO) VALUES (107,3);
INSERT INTO IHAIDWH1.V_G2R_F_GRP_TECN_INTE (ID_USUARIO, ID_GRUPO) VALUES (108,3);
INSERT INTO IHAIDWH1.V_G2R_F_GRP_TECN_INTE (ID_USUARIO, ID_GRUPO) VALUES (108,4);
INSERT INTO IHAIDWH1.V_G2R_F_GRP_TECN_INTE (ID_USUARIO, ID_GRUPO) VALUES (108,5);
INSERT INTO IHAIDWH1.V_G2R_F_GRP_TECN_INTE (ID_USUARIO, ID_GRUPO) VALUES (109,1);
INSERT INTO IHAIDWH1.V_G2R_F_GRP_TECN_INTE (ID_USUARIO, ID_GRUPO) VALUES (110,1);
INSERT INTO IHAIDWH1.V_G2R_F_GRP_TECN_INTE (ID_USUARIO, ID_GRUPO) VALUES (114,1);
INSERT INTO IHAIDWH1.V_G2R_F_GRP_TECN_INTE (ID_USUARIO, ID_GRUPO) VALUES (114,3);
INSERT INTO IHAIDWH1.V_G2R_F_GRP_TECN_INTE (ID_USUARIO, ID_GRUPO) VALUES (115,1);
INSERT INTO IHAIDWH1.V_G2R_F_GRP_TECN_INTE (ID_USUARIO, ID_GRUPO) VALUES (115,3);

INSERT INTO IHAIDWH1.V_G2R_F_GRP_TECN_RESP (ID_USUARIO, ID_GRUPO) VALUES (100,1);
INSERT INTO IHAIDWH1.V_G2R_F_GRP_TECN_RESP (ID_USUARIO, ID_GRUPO) VALUES  (101,1);
INSERT INTO IHAIDWH1.V_G2R_F_GRP_TECN_RESP (ID_USUARIO, ID_GRUPO) VALUES  (101,2);
INSERT INTO IHAIDWH1.V_G2R_F_GRP_TECN_RESP (ID_USUARIO, ID_GRUPO) VALUES  (102,1);
INSERT INTO IHAIDWH1.V_G2R_F_GRP_TECN_RESP (ID_USUARIO, ID_GRUPO) VALUES  (103,1);
INSERT INTO IHAIDWH1.V_G2R_F_GRP_TECN_RESP (ID_USUARIO, ID_GRUPO) VALUES  (103,2);
INSERT INTO IHAIDWH1.V_G2R_F_GRP_TECN_RESP (ID_USUARIO, ID_GRUPO) VALUES  (103,3);
INSERT INTO IHAIDWH1.V_G2R_F_GRP_TECN_RESP (ID_USUARIO, ID_GRUPO) VALUES  (104,1);
INSERT INTO IHAIDWH1.V_G2R_F_GRP_TECN_RESP (ID_USUARIO, ID_GRUPO) VALUES  (105,1);
INSERT INTO IHAIDWH1.V_G2R_F_GRP_TECN_RESP (ID_USUARIO, ID_GRUPO) VALUES  (106,3);
INSERT INTO IHAIDWH1.V_G2R_F_GRP_TECN_RESP (ID_USUARIO, ID_GRUPO) VALUES  (106,4);
INSERT INTO IHAIDWH1.V_G2R_F_GRP_TECN_RESP (ID_USUARIO, ID_GRUPO) VALUES  (107,1);
INSERT INTO IHAIDWH1.V_G2R_F_GRP_TECN_RESP (ID_USUARIO, ID_GRUPO) VALUES  (107,3);
INSERT INTO IHAIDWH1.V_G2R_F_GRP_TECN_RESP (ID_USUARIO, ID_GRUPO) VALUES  (108,2);
INSERT INTO IHAIDWH1.V_G2R_F_GRP_TECN_RESP (ID_USUARIO, ID_GRUPO) VALUES  (108,3);
INSERT INTO IHAIDWH1.V_G2R_F_GRP_TECN_RESP (ID_USUARIO, ID_GRUPO) VALUES  (108,4);
INSERT INTO IHAIDWH1.V_G2R_F_GRP_TECN_RESP (ID_USUARIO, ID_GRUPO) VALUES  (108,5);
INSERT INTO IHAIDWH1.V_G2R_F_GRP_TECN_RESP (ID_USUARIO, ID_GRUPO) VALUES  (109,1);
INSERT INTO IHAIDWH1.V_G2R_F_GRP_TECN_RESP (ID_USUARIO, ID_GRUPO) VALUES  (110,1);
INSERT INTO IHAIDWH1.V_G2R_F_GRP_TECN_RESP (ID_USUARIO, ID_GRUPO) VALUES  (111,2);
INSERT INTO IHAIDWH1.V_G2R_F_GRP_TECN_RESP (ID_USUARIO, ID_GRUPO) VALUES  (112,1);
INSERT INTO IHAIDWH1.V_G2R_F_GRP_TECN_RESP (ID_USUARIO, ID_GRUPO) VALUES  (112,2);
INSERT INTO IHAIDWH1.V_G2R_F_GRP_TECN_RESP (ID_USUARIO, ID_GRUPO) VALUES  (113,3);
INSERT INTO IHAIDWH1.V_G2R_F_GRP_TECN_RESP (ID_USUARIO, ID_GRUPO) VALUES  (114,1);
INSERT INTO IHAIDWH1.V_G2R_F_GRP_TECN_RESP (ID_USUARIO, ID_GRUPO) VALUES  (114,3);
INSERT INTO IHAIDWH1.V_G2R_F_GRP_TECN_RESP (ID_USUARIO, ID_GRUPO) VALUES  (115,1);
INSERT INTO IHAIDWH1.V_G2R_F_GRP_TECN_RESP (ID_USUARIO, ID_GRUPO) VALUES  (115,2);


INSERT INTO IHAIDWH1.V_G2R_F_GRP_TECN (ID_GRUPO, ID_TIPO_GRUPO, DELETED, NOMBRE) VALUES (1,33,0,'GROUP-1');
INSERT INTO IHAIDWH1.V_G2R_F_GRP_TECN (ID_GRUPO, ID_TIPO_GRUPO, DELETED, NOMBRE) VALUES  (2,33,0,'GROUP-2');
INSERT INTO IHAIDWH1.V_G2R_F_GRP_TECN (ID_GRUPO, ID_TIPO_GRUPO, DELETED, NOMBRE) VALUES  (3,33,0,'GROUP-3');
INSERT INTO IHAIDWH1.V_G2R_F_GRP_TECN (ID_GRUPO, ID_TIPO_GRUPO, DELETED, NOMBRE) VALUES  (4,33,1,'GROUP-4-DELETED');
INSERT INTO IHAIDWH1.V_G2R_F_GRP_TECN (ID_GRUPO, ID_TIPO_GRUPO, DELETED, NOMBRE) VALUES  (5,44,0,'GROUP-5');


